{
    "total_runtime": 23.110128164291382,
    "num_documents": 1,
    "input_load_time": 0,
    "workflows": {
        "create_base_text_units": {
            "overall": 0.11255240440368652,
            "0_orderby": 0.0012726783752441406,
            "1_zip": 0.0015730857849121094,
            "2_aggregate_override": 0.0024864673614501953,
            "3_chunk": 0.08658313751220703,
            "4_select": 0.0019237995147705078,
            "5_unroll": 0.002524137496948242,
            "6_rename": 0.001796722412109375,
            "7_genid": 0.0021524429321289062,
            "8_unzip": 0.002373218536376953,
            "9_copy": 0.002063751220703125,
            "10_filter": 0.006547212600708008
        },
        "create_base_extracted_entities": {
            "overall": 0.023797273635864258,
            "0_entity_extract": 0.01584625244140625,
            "1_merge_graphs": 0.005730390548706055
        },
        "create_final_covariates": {
            "overall": 0.030176401138305664,
            "0_extract_covariates": 0.008100032806396484,
            "1_window": 0.002990245819091797,
            "2_genid": 0.003119230270385742,
            "3_convert": 0.006381511688232422,
            "4_rename": 0.003339529037475586,
            "5_select": 0.0035915374755859375
        },
        "create_summarized_entities": {
            "overall": 0.019498109817504883,
            "0_summarize_descriptions": 0.016016721725463867
        },
        "join_text_units_to_covariate_ids": {
            "overall": 0.012476921081542969,
            "0_select": 0.0038285255432128906,
            "1_aggregate_override": 0.005026817321777344
        },
        "create_base_entity_graph": {
            "overall": 0.020979642868041992,
            "0_cluster_graph": 0.012721776962280273,
            "1_select": 0.0043849945068359375
        },
        "create_final_entities": {
            "overall": 0.12323713302612305,
            "0_unpack_graph": 0.006964921951293945,
            "1_rename": 0.004892826080322266,
            "2_select": 0.004853010177612305,
            "3_dedupe": 0.0049724578857421875,
            "4_rename": 0.005168437957763672,
            "5_filter": 0.011714696884155273,
            "6_text_split": 0.005593299865722656,
            "7_drop": 0.00536799430847168,
            "8_merge": 0.009862184524536133,
            "9_text_embed": 0.039090633392333984,
            "10_drop": 0.006041765213012695,
            "11_filter": 0.014401435852050781
        },
        "create_final_nodes": {
            "overall": 0.11285734176635742,
            "0_layout_graph": 0.015218257904052734,
            "1_unpack_graph": 0.009250879287719727,
            "2_unpack_graph": 0.009000539779663086,
            "3_drop": 0.0064542293548583984,
            "4_filter": 0.014674663543701172,
            "5_select": 0.006566762924194336,
            "6_rename": 0.006731510162353516,
            "7_join": 0.010128498077392578,
            "8_convert": 0.021911144256591797,
            "9_rename": 0.0072252750396728516
        },
        "create_final_communities": {
            "overall": 0.15856242179870605,
            "0_unpack_graph": 0.010519981384277344,
            "1_unpack_graph": 0.010058164596557617,
            "2_aggregate_override": 0.008695125579833984,
            "3_join": 0.01026773452758789,
            "4_join": 0.010109663009643555,
            "5_concat": 0.007871627807617188,
            "6_filter": 0.019694805145263672,
            "7_aggregate_override": 0.009721994400024414,
            "8_join": 0.010661840438842773,
            "9_filter": 0.018672466278076172,
            "10_fill": 0.00847482681274414,
            "11_merge": 0.009408950805664062,
            "12_copy": 0.00853276252746582,
            "13_select": 0.008749008178710938
        },
        "join_text_units_to_entity_ids": {
            "overall": 0.03645205497741699,
            "0_select": 0.008809328079223633,
            "1_unroll": 0.009487152099609375,
            "2_aggregate_override": 0.009812116622924805
        },
        "create_final_relationships": {
            "overall": 0.12395358085632324,
            "0_unpack_graph": 0.012187004089355469,
            "1_filter": 0.020239830017089844,
            "2_rename": 0.009462833404541016,
            "3_filter": 0.020939111709594727,
            "4_drop": 0.009644031524658203,
            "5_compute_edge_combined_degree": 0.01185154914855957,
            "6_convert": 0.020436763763427734,
            "7_convert": 0.010211467742919922
        },
        "join_text_units_to_relationship_ids": {
            "overall": 0.06844425201416016,
            "0_select": 0.010738611221313477,
            "1_unroll": 0.011220216751098633,
            "2_aggregate_override": 0.022258281707763672,
            "3_select": 0.014209985733032227
        },
        "create_final_community_reports": {
            "overall": 20.098800897598267,
            "0_prepare_community_reports_nodes": 0.011978864669799805,
            "1_prepare_community_reports_edges": 0.01198720932006836,
            "2_prepare_community_reports_claims": 0.012448549270629883,
            "3_restore_community_hierarchy": 0.013372659683227539,
            "4_prepare_community_reports": 0.03644824028015137,
            "5_create_community_reports": 19.988232612609863,
            "6_window": 0.011945486068725586
        },
        "create_final_text_units": {
            "overall": 0.10721492767333984,
            "0_select": 0.01252436637878418,
            "1_rename": 0.012106895446777344,
            "2_join": 0.014765739440917969,
            "3_join": 0.014451980590820312,
            "4_join": 0.01507258415222168,
            "5_aggregate_override": 0.013606786727905273,
            "6_select": 0.01267242431640625
        },
        "create_base_documents": {
            "overall": 0.14508843421936035,
            "0_unroll": 0.014213085174560547,
            "1_select": 0.013100385665893555,
            "2_rename": 0.014868974685668945,
            "3_join": 0.016609907150268555,
            "4_aggregate_override": 0.01523900032043457,
            "5_join": 0.01625823974609375,
            "6_rename": 0.014071941375732422,
            "7_convert": 0.02775740623474121
        },
        "create_final_documents": {
            "overall": 0.027222156524658203,
            "0_rename": 0.013829469680786133
        }
    }
}